{"cameraMode":{"drawMode":2,"name":"Shaded Wireframe","section":"Shading Mode"},"sceneLighting":false,"audioPlay":false,"sceneViewState":{"m_AlwaysRefresh":false,"showFog":true,"showSkybox":false,"showFlares":true,"showImageEffects":true,"showParticleSystems":true,"showVisualEffectGraphs":true,"m_FxEnabled":true},"in2DMode":false,"pivot":{"x":5.759159564971924,"y":-0.25863075256347659,"z":-0.1520310640335083},"rotation":{"x":0.3067469894886017,"y":-0.035681236535310748,"z":0.011508418247103691,"w":0.9510526061058044},"size":1.1660254001617432,"orthographic":false}