{"cameraMode":{"drawMode":0,"name":"Shaded","section":"Shading Mode"},"sceneLighting":false,"audioPlay":false,"sceneViewState":{"m_AlwaysRefresh":false,"showFog":true,"showSkybox":false,"showFlares":true,"showImageEffects":true,"showParticleSystems":true,"showVisualEffectGraphs":true,"m_FxEnabled":true},"in2DMode":false,"pivot":{"x":0.9231390953063965,"y":4.580122470855713,"z":-0.35291481018066409},"rotation":{"x":0.10887905955314636,"y":0.8507017493247986,"z":-0.4758557975292206,"w":0.1947227120399475},"size":11.052348136901856,"orthographic":false}