{"cameraMode":{"drawMode":0,"name":"Shaded","section":"Shading Mode"},"sceneLighting":false,"audioPlay":false,"sceneViewState":{"m_AlwaysRefresh":false,"showFog":true,"showSkybox":false,"showFlares":true,"showImageEffects":true,"showParticleSystems":true,"showVisualEffectGraphs":true,"m_FxEnabled":true},"in2DMode":false,"pivot":{"x":1.775080680847168,"y":2.2289624214172365,"z":0.39714765548706057},"rotation":{"x":-0.025347553193569185,"y":0.974655270576477,"z":-0.1547788381576538,"w":-0.1592826098203659},"size":6.6344194412231449,"orthographic":false}