{"cameraMode":{"drawMode":0,"name":"Shaded","section":"Shading Mode"},"sceneLighting":false,"audioPlay":false,"sceneViewState":{"m_AlwaysRefresh":false,"showFog":true,"showSkybox":false,"showFlares":true,"showImageEffects":true,"showParticleSystems":true,"showVisualEffectGraphs":true,"m_FxEnabled":true},"in2DMode":false,"pivot":{"x":-3.9903271198272707,"y":0.27719640731811526,"z":0.953810453414917},"rotation":{"x":-0.058774739503860477,"y":0.0050881169736385349,"z":-0.00030002061976119876,"w":-0.9982609748840332},"size":1.0005244016647339,"orthographic":false}